,id,file,emotion_id,emotion,phase
0,D05E04P010S12T01,ksu_emotions/data/SPEECH/Phase_1/E04/D05E04P010S12T01.flac,4,Questioning,1
1,D05E04P001S03T01,ksu_emotions/data/SPEECH/Phase_1/E04/D05E04P001S03T01.flac,4,Questioning,1
2,D05E05P112S09T01,ksu_emotions/data/SPEECH/Phase_2/E05/D05E05P112S09T01.flac,5,Anger,2
3,D05E03P111S07T01,ksu_emotions/data/SPEECH/Phase_2/E03/D05E03P111S07T01.flac,3,Surprise,2
4,D05E03P110S11T02,ksu_emotions/data/SPEECH/Phase_2/E03/D05E03P110S11T02.flac,3,Surprise,2
5,D05E03P002S07T01,ksu_emotions/data/SPEECH/Phase_1/E03/D05E03P002S07T01.flac,3,Surprise,1
6,D05E00P103S11T01,ksu_emotions/data/SPEECH/Phase_1/E00/D05E00P103S11T01.flac,0,Neutral,1
7,D05E05P110S16T01,ksu_emotions/data/SPEECH/Phase_2/E05/D05E05P110S16T01.flac,5,Anger,2
8,D05E03P001S11T01,ksu_emotions/data/SPEECH/Phase_1/E03/D05E03P001S11T01.flac,3,Surprise,1
9,D05E00P106S01T01,ksu_emotions/data/SPEECH/Phase_1/E00/D05E00P106S01T01.flac,0,Neutral,1
10,D05E01P106S15T01,ksu_emotions/data/SPEECH/Phase_1/E01/D05E01P106S15T01.flac,1,Happiness,1
11,D05E04P010S14T01,ksu_emotions/data/SPEECH/Phase_1/E04/D05E04P010S14T01.flac,4,Questioning,1
12,D05E00P004S02T01,ksu_emotions/data/SPEECH/Phase_1/E00/D05E00P004S02T01.flac,0,Neutral,1
13,D05E00P008S08T03,ksu_emotions/data/SPEECH/Phase_2/E00/D05E00P008S08T03.flac,0,Neutral,2
14,D05E02P008S10T01,ksu_emotions/data/SPEECH/Phase_1/E02/D05E02P008S10T01.flac,2,Sadness,1
15,D05E01P006S15T03,ksu_emotions/data/SPEECH/Phase_2/E01/D05E01P006S15T03.flac,1,Happiness,2
16,D05E01P101S10T02,ksu_emotions/data/SPEECH/Phase_2/E01/D05E01P101S10T02.flac,1,Happiness,2
17,D05E00P002S07T01,ksu_emotions/data/SPEECH/Phase_1/E00/D05E00P002S07T01.flac,0,Neutral,1
18,D05E03P111S10T01,ksu_emotions/data/SPEECH/Phase_2/E03/D05E03P111S10T01.flac,3,Surprise,2
19,D05E03P001S10T02,ksu_emotions/data/SPEECH/Phase_2/E03/D05E03P001S10T02.flac,3,Surprise,2
20,D05E05P004S16T02,ksu_emotions/data/SPEECH/Phase_2/E05/D05E05P004S16T02.flac,5,Anger,2
21,D05E01P006S06T03,ksu_emotions/data/SPEECH/Phase_2/E01/D05E01P006S06T03.flac,1,Happiness,2
22,D05E05P003S07T01,ksu_emotions/data/SPEECH/Phase_2/E05/D05E05P003S07T01.flac,5,Anger,2
23,D05E04P001S01T01,ksu_emotions/data/SPEECH/Phase_1/E04/D05E04P001S01T01.flac,4,Questioning,1
24,D05E04P102S12T01,ksu_emotions/data/SPEECH/Phase_1/E04/D05E04P102S12T01.flac,4,Questioning,1
25,D05E00P001S12T02,ksu_emotions/data/SPEECH/Phase_2/E00/D05E00P001S12T02.flac,0,Neutral,2
26,D05E01P101S11T02,ksu_emotions/data/SPEECH/Phase_2/E01/D05E01P101S11T02.flac,1,Happiness,2
27,D05E03P004S17T02,ksu_emotions/data/SPEECH/Phase_2/E03/D05E03P004S17T02.flac,3,Surprise,2
28,D05E04P010S16T01,ksu_emotions/data/SPEECH/Phase_1/E04/D05E04P010S16T01.flac,4,Questioning,1
29,D05E01P101S06T02,ksu_emotions/data/SPEECH/Phase_2/E01/D05E01P101S06T02.flac,1,Happiness,2
30,D05E05P111S09T02,ksu_emotions/data/SPEECH/Phase_2/E05/D05E05P111S09T02.flac,5,Anger,2
31,D05E03P001S12T01,ksu_emotions/data/SPEECH/Phase_1/E03/D05E03P001S12T01.flac,3,Surprise,1
32,D05E01P007S15T01,ksu_emotions/data/SPEECH/Phase_1/E01/D05E01P007S15T01.flac,1,Happiness,1
33,D05E03P001S06T01,ksu_emotions/data/SPEECH/Phase_1/E03/D05E03P001S06T01.flac,3,Surprise,1
34,D05E00P003S12T03,ksu_emotions/data/SPEECH/Phase_2/E00/D05E00P003S12T03.flac,0,Neutral,2
35,D05E03P010S12T01,ksu_emotions/data/SPEECH/Phase_1/E03/D05E03P010S12T01.flac,3,Surprise,1
36,D05E05P006S09T02,ksu_emotions/data/SPEECH/Phase_2/E05/D05E05P006S09T02.flac,5,Anger,2
37,D05E03P109S11T03,ksu_emotions/data/SPEECH/Phase_2/E03/D05E03P109S11T03.flac,3,Surprise,2
38,D05E01P003S08T01,ksu_emotions/data/SPEECH/Phase_1/E01/D05E01P003S08T01.flac,1,Happiness,1
39,D05E02P001S15T03,ksu_emotions/data/SPEECH/Phase_2/E02/D05E02P001S15T03.flac,2,Sadness,2
40,D05E00P106S13T01,ksu_emotions/data/SPEECH/Phase_1/E00/D05E00P106S13T01.flac,0,Neutral,1
41,D05E02P113S08T02,ksu_emotions/data/SPEECH/Phase_2/E02/D05E02P113S08T02.flac,2,Sadness,2
42,D05E02P006S09T01,ksu_emotions/data/SPEECH/Phase_1/E02/D05E02P006S09T01.flac,2,Sadness,1
43,D05E01P007S07T01,ksu_emotions/data/SPEECH/Phase_1/E01/D05E01P007S07T01.flac,1,Happiness,1
44,D05E00P110S12T02,ksu_emotions/data/SPEECH/Phase_2/E00/D05E00P110S12T02.flac,0,Neutral,2
45,D05E02P001S07T01,ksu_emotions/data/SPEECH/Phase_1/E02/D05E02P001S07T01.flac,2,Sadness,1
46,D05E01P008S13T01,ksu_emotions/data/SPEECH/Phase_1/E01/D05E01P008S13T01.flac,1,Happiness,1
47,D05E02P009S14T01,ksu_emotions/data/SPEECH/Phase_1/E02/D05E02P009S14T01.flac,2,Sadness,1
48,D05E00P101S10T03,ksu_emotions/data/SPEECH/Phase_2/E00/D05E00P101S10T03.flac,0,Neutral,2
49,D05E03P010S02T01,ksu_emotions/data/SPEECH/Phase_1/E03/D05E03P010S02T01.flac,3,Surprise,1
50,D05E05P004S05T01,ksu_emotions/data/SPEECH/Phase_2/E05/D05E05P004S05T01.flac,5,Anger,2
51,D05E05P006S16T01,ksu_emotions/data/SPEECH/Phase_2/E05/D05E05P006S16T01.flac,5,Anger,2
52,D05E01P005S05T01,ksu_emotions/data/SPEECH/Phase_1/E01/D05E01P005S05T01.flac,1,Happiness,1
53,D05E00P105S16T01,ksu_emotions/data/SPEECH/Phase_1/E00/D05E00P105S16T01.flac,0,Neutral,1
54,D05E01P001S09T02,ksu_emotions/data/SPEECH/Phase_2/E01/D05E01P001S09T02.flac,1,Happiness,2
55,D05E00P110S07T02,ksu_emotions/data/SPEECH/Phase_2/E00/D05E00P110S07T02.flac,0,Neutral,2
56,D05E02P009S16T02,ksu_emotions/data/SPEECH/Phase_2/E02/D05E02P009S16T02.flac,2,Sadness,2
57,D05E04P108S15T01,ksu_emotions/data/SPEECH/Phase_1/E04/D05E04P108S15T01.flac,4,Questioning,1
58,D05E03P005S03T01,ksu_emotions/data/SPEECH/Phase_1/E03/D05E03P005S03T01.flac,3,Surprise,1
59,D05E01P112S17T01,ksu_emotions/data/SPEECH/Phase_2/E01/D05E01P112S17T01.flac,1,Happiness,2
60,D05E02P009S02T01,ksu_emotions/data/SPEECH/Phase_1/E02/D05E02P009S02T01.flac,2,Sadness,1
61,D05E03P001S09T02,ksu_emotions/data/SPEECH/Phase_2/E03/D05E03P001S09T02.flac,3,Surprise,2
62,D05E05P005S18T02,ksu_emotions/data/SPEECH/Phase_2/E05/D05E05P005S18T02.flac,5,Anger,2
63,D05E03P004S05T01,ksu_emotions/data/SPEECH/Phase_1/E03/D05E03P004S05T01.flac,3,Surprise,1
64,D05E00P111S11T01,ksu_emotions/data/SPEECH/Phase_2/E00/D05E00P111S11T01.flac,0,Neutral,2
65,D05E02P005S07T01,ksu_emotions/data/SPEECH/Phase_1/E02/D05E02P005S07T01.flac,2,Sadness,1
66,D05E03P111S18T02,ksu_emotions/data/SPEECH/Phase_2/E03/D05E03P111S18T02.flac,3,Surprise,2
67,D05E03P009S05T02,ksu_emotions/data/SPEECH/Phase_2/E03/D05E03P009S05T02.flac,3,Surprise,2
68,D05E02P110S10T03,ksu_emotions/data/SPEECH/Phase_2/E02/D05E02P110S10T03.flac,2,Sadness,2
69,D05E00P112S18T02,ksu_emotions/data/SPEECH/Phase_2/E00/D05E00P112S18T02.flac,0,Neutral,2
70,D05E01P008S15T03,ksu_emotions/data/SPEECH/Phase_2/E01/D05E01P008S15T03.flac,1,Happiness,2
71,D05E00P111S06T02,ksu_emotions/data/SPEECH/Phase_2/E00/D05E00P111S06T02.flac,0,Neutral,2
72,D05E05P112S05T02,ksu_emotions/data/SPEECH/Phase_2/E05/D05E05P112S05T02.flac,5,Anger,2
73,D05E05P109S10T01,ksu_emotions/data/SPEECH/Phase_2/E05/D05E05P109S10T01.flac,5,Anger,2
74,D05E03P110S16T01,ksu_emotions/data/SPEECH/Phase_1/E03/D05E03P110S16T01.flac,3,Surprise,1
75,D05E02P107S10T01,ksu_emotions/data/SPEECH/Phase_1/E02/D05E02P107S10T01.flac,2,Sadness,1
76,D05E04P105S08T01,ksu_emotions/data/SPEECH/Phase_1/E04/D05E04P105S08T01.flac,4,Questioning,1
77,D05E04P006S13T01,ksu_emotions/data/SPEECH/Phase_1/E04/D05E04P006S13T01.flac,4,Questioning,1
78,D05E03P007S03T01,ksu_emotions/data/SPEECH/Phase_1/E03/D05E03P007S03T01.flac,3,Surprise,1
79,D05E01P102S07T01,ksu_emotions/data/SPEECH/Phase_1/E01/D05E01P102S07T01.flac,1,Happiness,1
80,D05E03P111S08T01,ksu_emotions/data/SPEECH/Phase_2/E03/D05E03P111S08T01.flac,3,Surprise,2
81,D05E01P010S10T01,ksu_emotions/data/SPEECH/Phase_1/E01/D05E01P010S10T01.flac,1,Happiness,1
82,D05E03P109S12T03,ksu_emotions/data/SPEECH/Phase_2/E03/D05E03P109S12T03.flac,3,Surprise,2
83,D05E05P008S16T02,ksu_emotions/data/SPEECH/Phase_2/E05/D05E05P008S16T02.flac,5,Anger,2
84,D05E03P004S10T01,ksu_emotions/data/SPEECH/Phase_1/E03/D05E03P004S10T01.flac,3,Surprise,1
85,D05E01P004S10T03,ksu_emotions/data/SPEECH/Phase_2/E01/D05E01P004S10T03.flac,1,Happiness,2
86,D05E05P102S18T02,ksu_emotions/data/SPEECH/Phase_2/E05/D05E05P102S18T02.flac,5,Anger,2
87,D05E00P003S04T01,ksu_emotions/data/SPEECH/Phase_1/E00/D05E00P003S04T01.flac,0,Neutral,1
88,D05E02P009S08T01,ksu_emotions/data/SPEECH/Phase_1/E02/D05E02P009S08T01.flac,2,Sadness,1
89,D05E03P005S06T02,ksu_emotions/data/SPEECH/Phase_2/E03/D05E03P005S06T02.flac,3,Surprise,2
90,D05E00P004S18T03,ksu_emotions/data/SPEECH/Phase_2/E00/D05E00P004S18T03.flac,0,Neutral,2
91,D05E01P110S15T01,ksu_emotions/data/SPEECH/Phase_1/E01/D05E01P110S15T01.flac,1,Happiness,1
92,D05E05P101S08T02,ksu_emotions/data/SPEECH/Phase_2/E05/D05E05P101S08T02.flac,5,Anger,2
93,D05E03P003S02T01,ksu_emotions/data/SPEECH/Phase_1/E03/D05E03P003S02T01.flac,3,Surprise,1
94,D05E03P008S07T02,ksu_emotions/data/SPEECH/Phase_2/E03/D05E03P008S07T02.flac,3,Surprise,2
95,D05E00P112S08T02,ksu_emotions/data/SPEECH/Phase_2/E00/D05E00P112S08T02.flac,0,Neutral,2
96,D05E01P106S07T01,ksu_emotions/data/SPEECH/Phase_1/E01/D05E01P106S07T01.flac,1,Happiness,1
97,D05E01P003S06T03,ksu_emotions/data/SPEECH/Phase_2/E01/D05E01P003S06T03.flac,1,Happiness,2
98,D05E03P102S17T03,ksu_emotions/data/SPEECH/Phase_2/E03/D05E03P102S17T03.flac,3,Surprise,2
99,D05E05P001S10T02,ksu_emotions/data/SPEECH/Phase_2/E05/D05E05P001S10T02.flac,5,Anger,2
100,D05E05P101S09T01,ksu_emotions/data/SPEECH/Phase_2/E05/D05E05P101S09T01.flac,5,Anger,2
101,D05E00P108S01T01,ksu_emotions/data/SPEECH/Phase_1/E00/D05E00P108S01T01.flac,0,Neutral,1
102,D05E02P103S03T01,ksu_emotions/data/SPEECH/Phase_1/E02/D05E02P103S03T01.flac,2,Sadness,1
103,D05E00P109S14T01,ksu_emotions/data/SPEECH/Phase_1/E00/D05E00P109S14T01.flac,0,Neutral,1
104,D05E05P113S05T02,ksu_emotions/data/SPEECH/Phase_2/E05/D05E05P113S05T02.flac,5,Anger,2
105,D05E00P111S05T02,ksu_emotions/data/SPEECH/Phase_2/E00/D05E00P111S05T02.flac,0,Neutral,2
106,D05E03P101S05T03,ksu_emotions/data/SPEECH/Phase_2/E03/D05E03P101S05T03.flac,3,Surprise,2
107,D05E05P006S06T01,ksu_emotions/data/SPEECH/Phase_2/E05/D05E05P006S06T01.flac,5,Anger,2
108,D05E00P109S12T03,ksu_emotions/data/SPEECH/Phase_2/E00/D05E00P109S12T03.flac,0,Neutral,2
109,D05E01P111S17T02,ksu_emotions/data/SPEECH/Phase_2/E01/D05E01P111S17T02.flac,1,Happiness,2
110,D05E02P110S12T03,ksu_emotions/data/SPEECH/Phase_2/E02/D05E02P110S12T03.flac,2,Sadness,2
111,D05E03P113S10T02,ksu_emotions/data/SPEECH/Phase_2/E03/D05E03P113S10T02.flac,3,Surprise,2
112,D05E03P001S06T03,ksu_emotions/data/SPEECH/Phase_2/E03/D05E03P001S06T03.flac,3,Surprise,2
113,D05E01P001S08T01,ksu_emotions/data/SPEECH/Phase_1/E01/D05E01P001S08T01.flac,1,Happiness,1
114,D05E03P113S07T02,ksu_emotions/data/SPEECH/Phase_2/E03/D05E03P113S07T02.flac,3,Surprise,2
115,D05E03P104S16T01,ksu_emotions/data/SPEECH/Phase_1/E03/D05E03P104S16T01.flac,3,Surprise,1
116,D05E01P107S09T01,ksu_emotions/data/SPEECH/Phase_1/E01/D05E01P107S09T01.flac,1,Happiness,1
117,D05E03P113S17T01,ksu_emotions/data/SPEECH/Phase_2/E03/D05E03P113S17T01.flac,3,Surprise,2
118,D05E04P110S05T01,ksu_emotions/data/SPEECH/Phase_1/E04/D05E04P110S05T01.flac,4,Questioning,1
119,D05E04P110S12T01,ksu_emotions/data/SPEECH/Phase_1/E04/D05E04P110S12T01.flac,4,Questioning,1
120,D05E01P112S07T02,ksu_emotions/data/SPEECH/Phase_2/E01/D05E01P112S07T02.flac,1,Happiness,2
121,D05E01P001S12T01,ksu_emotions/data/SPEECH/Phase_1/E01/D05E01P001S12T01.flac,1,Happiness,1
122,D05E00P113S16T01,ksu_emotions/data/SPEECH/Phase_2/E00/D05E00P113S16T01.flac,0,Neutral,2
123,D05E03P006S02T01,ksu_emotions/data/SPEECH/Phase_1/E03/D05E03P006S02T01.flac,3,Surprise,1
124,D05E03P006S16T03,ksu_emotions/data/SPEECH/Phase_2/E03/D05E03P006S16T03.flac,3,Surprise,2
125,D05E01P008S07T03,ksu_emotions/data/SPEECH/Phase_2/E01/D05E01P008S07T03.flac,1,Happiness,2
126,D05E00P005S15T01,ksu_emotions/data/SPEECH/Phase_1/E00/D05E00P005S15T01.flac,0,Neutral,1
127,D05E00P113S12T01,ksu_emotions/data/SPEECH/Phase_2/E00/D05E00P113S12T01.flac,0,Neutral,2
128,D05E01P112S15T02,ksu_emotions/data/SPEECH/Phase_2/E01/D05E01P112S15T02.flac,1,Happiness,2
129,D05E03P109S10T01,ksu_emotions/data/SPEECH/Phase_1/E03/D05E03P109S10T01.flac,3,Surprise,1
130,D05E03P003S05T03,ksu_emotions/data/SPEECH/Phase_2/E03/D05E03P003S05T03.flac,3,Surprise,2
131,D05E03P108S07T01,ksu_emotions/data/SPEECH/Phase_1/E03/D05E03P108S07T01.flac,3,Surprise,1
132,D05E04P004S10T01,ksu_emotions/data/SPEECH/Phase_1/E04/D05E04P004S10T01.flac,4,Questioning,1
133,D05E05P004S08T02,ksu_emotions/data/SPEECH/Phase_2/E05/D05E05P004S08T02.flac,5,Anger,2
134,D05E02P005S07T03,ksu_emotions/data/SPEECH/Phase_2/E02/D05E02P005S07T03.flac,2,Sadness,2
135,D05E02P009S06T01,ksu_emotions/data/SPEECH/Phase_1/E02/D05E02P009S06T01.flac,2,Sadness,1
136,D05E02P109S12T02,ksu_emotions/data/SPEECH/Phase_2/E02/D05E02P109S12T02.flac,2,Sadness,2
137,D05E04P108S13T01,ksu_emotions/data/SPEECH/Phase_1/E04/D05E04P108S13T01.flac,4,Questioning,1
138,D05E01P107S03T01,ksu_emotions/data/SPEECH/Phase_1/E01/D05E01P107S03T01.flac,1,Happiness,1
139,D05E03P102S12T02,ksu_emotions/data/SPEECH/Phase_2/E03/D05E03P102S12T02.flac,3,Surprise,2
140,D05E04P108S09T01,ksu_emotions/data/SPEECH/Phase_1/E04/D05E04P108S09T01.flac,4,Questioning,1
141,D05E04P002S07T01,ksu_emotions/data/SPEECH/Phase_1/E04/D05E04P002S07T01.flac,4,Questioning,1
142,D05E00P106S16T01,ksu_emotions/data/SPEECH/Phase_1/E00/D05E00P106S16T01.flac,0,Neutral,1
143,D05E02P104S13T01,ksu_emotions/data/SPEECH/Phase_1/E02/D05E02P104S13T01.flac,2,Sadness,1
144,D05E05P101S08T01,ksu_emotions/data/SPEECH/Phase_2/E05/D05E05P101S08T01.flac,5,Anger,2
145,D05E01P104S16T01,ksu_emotions/data/SPEECH/Phase_1/E01/D05E01P104S16T01.flac,1,Happiness,1
146,D05E01P107S08T01,ksu_emotions/data/SPEECH/Phase_1/E01/D05E01P107S08T01.flac,1,Happiness,1
147,D05E04P102S13T01,ksu_emotions/data/SPEECH/Phase_1/E04/D05E04P102S13T01.flac,4,Questioning,1
148,D05E02P104S04T01,ksu_emotions/data/SPEECH/Phase_1/E02/D05E02P104S04T01.flac,2,Sadness,1
149,D05E02P113S05T02,ksu_emotions/data/SPEECH/Phase_2/E02/D05E02P113S05T02.flac,2,Sadness,2
150,D05E04P002S09T01,ksu_emotions/data/SPEECH/Phase_1/E04/D05E04P002S09T01.flac,4,Questioning,1
151,D05E01P113S15T02,ksu_emotions/data/SPEECH/Phase_2/E01/D05E01P113S15T02.flac,1,Happiness,2
152,D05E03P009S09T03,ksu_emotions/data/SPEECH/Phase_2/E03/D05E03P009S09T03.flac,3,Surprise,2
153,D05E01P006S09T03,ksu_emotions/data/SPEECH/Phase_2/E01/D05E01P006S09T03.flac,1,Happiness,2
154,D05E03P110S04T01,ksu_emotions/data/SPEECH/Phase_1/E03/D05E03P110S04T01.flac,3,Surprise,1
155,D05E04P004S08T01,ksu_emotions/data/SPEECH/Phase_1/E04/D05E04P004S08T01.flac,4,Questioning,1
156,D05E01P007S13T01,ksu_emotions/data/SPEECH/Phase_1/E01/D05E01P007S13T01.flac,1,Happiness,1
157,D05E01P008S10T01,ksu_emotions/data/SPEECH/Phase_1/E01/D05E01P008S10T01.flac,1,Happiness,1
158,D05E01P005S08T03,ksu_emotions/data/SPEECH/Phase_2/E01/D05E01P005S08T03.flac,1,Happiness,2
159,D05E00P108S06T01,ksu_emotions/data/SPEECH/Phase_1/E00/D05E00P108S06T01.flac,0,Neutral,1
160,D05E03P004S07T01,ksu_emotions/data/SPEECH/Phase_1/E03/D05E03P004S07T01.flac,3,Surprise,1
161,D05E01P007S12T01,ksu_emotions/data/SPEECH/Phase_1/E01/D05E01P007S12T01.flac,1,Happiness,1
162,D05E00P006S14T01,ksu_emotions/data/SPEECH/Phase_1/E00/D05E00P006S14T01.flac,0,Neutral,1
163,D05E04P107S06T01,ksu_emotions/data/SPEECH/Phase_1/E04/D05E04P107S06T01.flac,4,Questioning,1
164,D05E01P006S10T03,ksu_emotions/data/SPEECH/Phase_2/E01/D05E01P006S10T03.flac,1,Happiness,2
165,D05E00P110S13T01,ksu_emotions/data/SPEECH/Phase_1/E00/D05E00P110S13T01.flac,0,Neutral,1
166,D05E03P001S03T01,ksu_emotions/data/SPEECH/Phase_1/E03/D05E03P001S03T01.flac,3,Surprise,1
167,D05E02P008S11T02,ksu_emotions/data/SPEECH/Phase_2/E02/D05E02P008S11T02.flac,2,Sadness,2
168,D05E03P101S12T01,ksu_emotions/data/SPEECH/Phase_1/E03/D05E03P101S12T01.flac,3,Surprise,1
169,D05E02P010S06T01,ksu_emotions/data/SPEECH/Phase_1/E02/D05E02P010S06T01.flac,2,Sadness,1
170,D05E03P108S14T01,ksu_emotions/data/SPEECH/Phase_1/E03/D05E03P108S14T01.flac,3,Surprise,1
171,D05E01P008S05T02,ksu_emotions/data/SPEECH/Phase_2/E01/D05E01P008S05T02.flac,1,Happiness,2
172,D05E01P008S17T03,ksu_emotions/data/SPEECH/Phase_2/E01/D05E01P008S17T03.flac,1,Happiness,2
173,D05E00P110S18T03,ksu_emotions/data/SPEECH/Phase_2/E00/D05E00P110S18T03.flac,0,Neutral,2
174,D05E05P004S06T02,ksu_emotions/data/SPEECH/Phase_2/E05/D05E05P004S06T02.flac,5,Anger,2
175,D05E00P004S11T01,ksu_emotions/data/SPEECH/Phase_1/E00/D05E00P004S11T01.flac,0,Neutral,1
176,D05E04P007S03T01,ksu_emotions/data/SPEECH/Phase_1/E04/D05E04P007S03T01.flac,4,Questioning,1
177,D05E01P110S10T01,ksu_emotions/data/SPEECH/Phase_1/E01/D05E01P110S10T01.flac,1,Happiness,1
178,D05E02P002S09T01,ksu_emotions/data/SPEECH/Phase_1/E02/D05E02P002S09T01.flac,2,Sadness,1
179,D05E01P008S08T03,ksu_emotions/data/SPEECH/Phase_2/E01/D05E01P008S08T03.flac,1,Happiness,2
180,D05E02P109S18T03,ksu_emotions/data/SPEECH/Phase_2/E02/D05E02P109S18T03.flac,2,Sadness,2
181,D05E05P004S18T02,ksu_emotions/data/SPEECH/Phase_2/E05/D05E05P004S18T02.flac,5,Anger,2
182,D05E04P004S14T01,ksu_emotions/data/SPEECH/Phase_1/E04/D05E04P004S14T01.flac,4,Questioning,1
183,D05E03P001S04T01,ksu_emotions/data/SPEECH/Phase_1/E03/D05E03P001S04T01.flac,3,Surprise,1
184,D05E04P109S07T01,ksu_emotions/data/SPEECH/Phase_1/E04/D05E04P109S07T01.flac,4,Questioning,1
185,D05E01P102S06T02,ksu_emotions/data/SPEECH/Phase_2/E01/D05E01P102S06T02.flac,1,Happiness,2
186,D05E03P003S09T02,ksu_emotions/data/SPEECH/Phase_2/E03/D05E03P003S09T02.flac,3,Surprise,2
187,D05E02P003S08T03,ksu_emotions/data/SPEECH/Phase_2/E02/D05E02P003S08T03.flac,2,Sadness,2
188,D05E05P109S17T02,ksu_emotions/data/SPEECH/Phase_2/E05/D05E05P109S17T02.flac,5,Anger,2
189,D05E02P002S15T01,ksu_emotions/data/SPEECH/Phase_1/E02/D05E02P002S15T01.flac,2,Sadness,1
190,D05E04P007S06T01,ksu_emotions/data/SPEECH/Phase_1/E04/D05E04P007S06T01.flac,4,Questioning,1
191,D05E00P009S07T01,ksu_emotions/data/SPEECH/Phase_1/E00/D05E00P009S07T01.flac,0,Neutral,1
192,D05E01P004S03T01,ksu_emotions/data/SPEECH/Phase_1/E01/D05E01P004S03T01.flac,1,Happiness,1
193,D05E03P113S18T01,ksu_emotions/data/SPEECH/Phase_2/E03/D05E03P113S18T01.flac,3,Surprise,2
194,D05E00P001S13T01,ksu_emotions/data/SPEECH/Phase_1/E00/D05E00P001S13T01.flac,0,Neutral,1
195,D05E05P112S08T01,ksu_emotions/data/SPEECH/Phase_2/E05/D05E05P112S08T01.flac,5,Anger,2
196,D05E01P104S14T01,ksu_emotions/data/SPEECH/Phase_1/E01/D05E01P104S14T01.flac,1,Happiness,1
197,D05E02P001S13T01,ksu_emotions/data/SPEECH/Phase_1/E02/D05E02P001S13T01.flac,2,Sadness,1
198,D05E01P003S16T03,ksu_emotions/data/SPEECH/Phase_2/E01/D05E01P003S16T03.flac,1,Happiness,2
199,D05E03P009S06T03,ksu_emotions/data/SPEECH/Phase_2/E03/D05E03P009S06T03.flac,3,Surprise,2
200,D05E03P001S15T01,ksu_emotions/data/SPEECH/Phase_1/E03/D05E03P001S15T01.flac,3,Surprise,1
201,D05E01P009S18T03,ksu_emotions/data/SPEECH/Phase_2/E01/D05E01P009S18T03.flac,1,Happiness,2
202,D05E02P009S07T01,ksu_emotions/data/SPEECH/Phase_1/E02/D05E02P009S07T01.flac,2,Sadness,1
203,D05E00P001S12T01,ksu_emotions/data/SPEECH/Phase_1/E00/D05E00P001S12T01.flac,0,Neutral,1
204,D05E01P001S14T01,ksu_emotions/data/SPEECH/Phase_1/E01/D05E01P001S14T01.flac,1,Happiness,1
205,D05E03P002S14T01,ksu_emotions/data/SPEECH/Phase_1/E03/D05E03P002S14T01.flac,3,Surprise,1
206,D05E04P103S14T01,ksu_emotions/data/SPEECH/Phase_1/E04/D05E04P103S14T01.flac,4,Questioning,1
207,D05E02P101S07T03,ksu_emotions/data/SPEECH/Phase_2/E02/D05E02P101S07T03.flac,2,Sadness,2
208,D05E05P110S12T02,ksu_emotions/data/SPEECH/Phase_2/E05/D05E05P110S12T02.flac,5,Anger,2
209,D05E03P102S11T02,ksu_emotions/data/SPEECH/Phase_2/E03/D05E03P102S11T02.flac,3,Surprise,2
210,D05E04P104S14T01,ksu_emotions/data/SPEECH/Phase_1/E04/D05E04P104S14T01.flac,4,Questioning,1
211,D05E01P003S11T02,ksu_emotions/data/SPEECH/Phase_2/E01/D05E01P003S11T02.flac,1,Happiness,2
212,D05E02P001S09T02,ksu_emotions/data/SPEECH/Phase_2/E02/D05E02P001S09T02.flac,2,Sadness,2
213,D05E03P108S03T01,ksu_emotions/data/SPEECH/Phase_1/E03/D05E03P108S03T01.flac,3,Surprise,1
214,D05E03P008S15T02,ksu_emotions/data/SPEECH/Phase_2/E03/D05E03P008S15T02.flac,3,Surprise,2
215,D05E01P109S15T03,ksu_emotions/data/SPEECH/Phase_2/E01/D05E01P109S15T03.flac,1,Happiness,2
216,D05E01P102S13T01,ksu_emotions/data/SPEECH/Phase_1/E01/D05E01P102S13T01.flac,1,Happiness,1
217,D05E01P009S06T02,ksu_emotions/data/SPEECH/Phase_2/E01/D05E01P009S06T02.flac,1,Happiness,2
218,D05E01P102S12T02,ksu_emotions/data/SPEECH/Phase_2/E01/D05E01P102S12T02.flac,1,Happiness,2
219,D05E02P009S17T03,ksu_emotions/data/SPEECH/Phase_2/E02/D05E02P009S17T03.flac,2,Sadness,2
220,D05E00P110S11T01,ksu_emotions/data/SPEECH/Phase_1/E00/D05E00P110S11T01.flac,0,Neutral,1
221,D05E03P006S09T02,ksu_emotions/data/SPEECH/Phase_2/E03/D05E03P006S09T02.flac,3,Surprise,2
222,D05E02P108S02T01,ksu_emotions/data/SPEECH/Phase_1/E02/D05E02P108S02T01.flac,2,Sadness,1
223,D05E04P008S03T01,ksu_emotions/data/SPEECH/Phase_1/E04/D05E04P008S03T01.flac,4,Questioning,1
224,D05E05P112S09T02,ksu_emotions/data/SPEECH/Phase_2/E05/D05E05P112S09T02.flac,5,Anger,2
225,D05E01P003S05T02,ksu_emotions/data/SPEECH/Phase_2/E01/D05E01P003S05T02.flac,1,Happiness,2
226,D05E01P109S10T03,ksu_emotions/data/SPEECH/Phase_2/E01/D05E01P109S10T03.flac,1,Happiness,2
227,D05E02P110S06T03,ksu_emotions/data/SPEECH/Phase_2/E02/D05E02P110S06T03.flac,2,Sadness,2
228,D05E01P110S09T03,ksu_emotions/data/SPEECH/Phase_2/E01/D05E01P110S09T03.flac,1,Happiness,2
229,D05E04P006S14T01,ksu_emotions/data/SPEECH/Phase_1/E04/D05E04P006S14T01.flac,4,Questioning,1
230,D05E00P113S10T01,ksu_emotions/data/SPEECH/Phase_2/E00/D05E00P113S10T01.flac,0,Neutral,2
231,D05E02P101S07T01,ksu_emotions/data/SPEECH/Phase_1/E02/D05E02P101S07T01.flac,2,Sadness,1
232,D05E05P005S16T02,ksu_emotions/data/SPEECH/Phase_2/E05/D05E05P005S16T02.flac,5,Anger,2
233,D05E02P113S10T01,ksu_emotions/data/SPEECH/Phase_2/E02/D05E02P113S10T01.flac,2,Sadness,2
234,D05E03P006S06T01,ksu_emotions/data/SPEECH/Phase_1/E03/D05E03P006S06T01.flac,3,Surprise,1
235,D05E00P008S11T01,ksu_emotions/data/SPEECH/Phase_1/E00/D05E00P008S11T01.flac,0,Neutral,1
236,D05E01P103S01T01,ksu_emotions/data/SPEECH/Phase_1/E01/D05E01P103S01T01.flac,1,Happiness,1
237,D05E01P106S04T01,ksu_emotions/data/SPEECH/Phase_1/E01/D05E01P106S04T01.flac,1,Happiness,1
238,D05E03P006S06T02,ksu_emotions/data/SPEECH/Phase_2/E03/D05E03P006S06T02.flac,3,Surprise,2
239,D05E01P101S16T03,ksu_emotions/data/SPEECH/Phase_2/E01/D05E01P101S16T03.flac,1,Happiness,2
240,D05E00P003S10T03,ksu_emotions/data/SPEECH/Phase_2/E00/D05E00P003S10T03.flac,0,Neutral,2
241,D05E03P109S03T01,ksu_emotions/data/SPEECH/Phase_1/E03/D05E03P109S03T01.flac,3,Surprise,1
242,D05E02P107S01T01,ksu_emotions/data/SPEECH/Phase_1/E02/D05E02P107S01T01.flac,2,Sadness,1
243,D05E03P107S07T01,ksu_emotions/data/SPEECH/Phase_1/E03/D05E03P107S07T01.flac,3,Surprise,1
244,D05E03P102S05T03,ksu_emotions/data/SPEECH/Phase_2/E03/D05E03P102S05T03.flac,3,Surprise,2
245,D05E05P004S05T02,ksu_emotions/data/SPEECH/Phase_2/E05/D05E05P004S05T02.flac,5,Anger,2
246,D05E04P105S07T01,ksu_emotions/data/SPEECH/Phase_1/E04/D05E04P105S07T01.flac,4,Questioning,1
247,D05E01P110S05T03,ksu_emotions/data/SPEECH/Phase_2/E01/D05E01P110S05T03.flac,1,Happiness,2
248,D05E03P113S12T01,ksu_emotions/data/SPEECH/Phase_2/E03/D05E03P113S12T01.flac,3,Surprise,2
249,D05E02P107S16T01,ksu_emotions/data/SPEECH/Phase_1/E02/D05E02P107S16T01.flac,2,Sadness,1
250,D05E02P102S09T02,ksu_emotions/data/SPEECH/Phase_2/E02/D05E02P102S09T02.flac,2,Sadness,2
251,D05E01P003S12T01,ksu_emotions/data/SPEECH/Phase_1/E01/D05E01P003S12T01.flac,1,Happiness,1
252,D05E02P009S16T03,ksu_emotions/data/SPEECH/Phase_2/E02/D05E02P009S16T03.flac,2,Sadness,2
253,D05E02P009S08T03,ksu_emotions/data/SPEECH/Phase_2/E02/D05E02P009S08T03.flac,2,Sadness,2
254,D05E01P104S05T01,ksu_emotions/data/SPEECH/Phase_1/E01/D05E01P104S05T01.flac,1,Happiness,1
255,D05E03P002S04T01,ksu_emotions/data/SPEECH/Phase_1/E03/D05E03P002S04T01.flac,3,Surprise,1
256,D05E02P002S06T01,ksu_emotions/data/SPEECH/Phase_1/E02/D05E02P002S06T01.flac,2,Sadness,1
257,D05E01P102S14T01,ksu_emotions/data/SPEECH/Phase_1/E01/D05E01P102S14T01.flac,1,Happiness,1
258,D05E03P111S09T02,ksu_emotions/data/SPEECH/Phase_2/E03/D05E03P111S09T02.flac,3,Surprise,2
259,D05E03P111S17T02,ksu_emotions/data/SPEECH/Phase_2/E03/D05E03P111S17T02.flac,3,Surprise,2
260,D05E04P005S06T01,ksu_emotions/data/SPEECH/Phase_1/E04/D05E04P005S06T01.flac,4,Questioning,1
261,D05E02P006S15T03,ksu_emotions/data/SPEECH/Phase_2/E02/D05E02P006S15T03.flac,2,Sadness,2
262,D05E01P113S12T02,ksu_emotions/data/SPEECH/Phase_2/E01/D05E01P113S12T02.flac,1,Happiness,2
263,D05E03P104S15T01,ksu_emotions/data/SPEECH/Phase_1/E03/D05E03P104S15T01.flac,3,Surprise,1
264,D05E02P110S18T02,ksu_emotions/data/SPEECH/Phase_2/E02/D05E02P110S18T02.flac,2,Sadness,2
265,D05E03P101S12T02,ksu_emotions/data/SPEECH/Phase_2/E03/D05E03P101S12T02.flac,3,Surprise,2
266,D05E01P010S05T01,ksu_emotions/data/SPEECH/Phase_1/E01/D05E01P010S05T01.flac,1,Happiness,1
267,D05E01P102S05T03,ksu_emotions/data/SPEECH/Phase_2/E01/D05E01P102S05T03.flac,1,Happiness,2
268,D05E05P110S07T02,ksu_emotions/data/SPEECH/Phase_2/E05/D05E05P110S07T02.flac,5,Anger,2
269,D05E02P102S05T01,ksu_emotions/data/SPEECH/Phase_1/E02/D05E02P102S05T01.flac,2,Sadness,1
270,D05E04P002S12T01,ksu_emotions/data/SPEECH/Phase_1/E04/D05E04P002S12T01.flac,4,Questioning,1
271,D05E02P103S13T01,ksu_emotions/data/SPEECH/Phase_1/E02/D05E02P103S13T01.flac,2,Sadness,1
272,D05E00P106S03T01,ksu_emotions/data/SPEECH/Phase_1/E00/D05E00P106S03T01.flac,0,Neutral,1
273,D05E05P112S08T02,ksu_emotions/data/SPEECH/Phase_2/E05/D05E05P112S08T02.flac,5,Anger,2
274,D05E00P108S09T01,ksu_emotions/data/SPEECH/Phase_1/E00/D05E00P108S09T01.flac,0,Neutral,1
275,D05E03P112S18T02,ksu_emotions/data/SPEECH/Phase_2/E03/D05E03P112S18T02.flac,3,Surprise,2
276,D05E00P111S15T02,ksu_emotions/data/SPEECH/Phase_2/E00/D05E00P111S15T02.flac,0,Neutral,2
277,D05E01P105S11T01,ksu_emotions/data/SPEECH/Phase_1/E01/D05E01P105S11T01.flac,1,Happiness,1
278,D05E04P106S01T01,ksu_emotions/data/SPEECH/Phase_1/E04/D05E04P106S01T01.flac,4,Questioning,1
279,D05E03P003S12T01,ksu_emotions/data/SPEECH/Phase_1/E03/D05E03P003S12T01.flac,3,Surprise,1
280,D05E05P112S16T01,ksu_emotions/data/SPEECH/Phase_2/E05/D05E05P112S16T01.flac,5,Anger,2
281,D05E03P102S09T02,ksu_emotions/data/SPEECH/Phase_2/E03/D05E03P102S09T02.flac,3,Surprise,2
282,D05E02P109S07T03,ksu_emotions/data/SPEECH/Phase_2/E02/D05E02P109S07T03.flac,2,Sadness,2
283,D05E02P109S11T02,ksu_emotions/data/SPEECH/Phase_2/E02/D05E02P109S11T02.flac,2,Sadness,2
284,D05E01P104S08T01,ksu_emotions/data/SPEECH/Phase_1/E01/D05E01P104S08T01.flac,1,Happiness,1
285,D05E01P103S12T01,ksu_emotions/data/SPEECH/Phase_1/E01/D05E01P103S12T01.flac,1,Happiness,1
286,D05E02P102S16T02,ksu_emotions/data/SPEECH/Phase_2/E02/D05E02P102S16T02.flac,2,Sadness,2
287,D05E05P112S17T01,ksu_emotions/data/SPEECH/Phase_2/E05/D05E05P112S17T01.flac,5,Anger,2
288,D05E02P113S18T01,ksu_emotions/data/SPEECH/Phase_2/E02/D05E02P113S18T01.flac,2,Sadness,2
289,D05E04P105S04T01,ksu_emotions/data/SPEECH/Phase_1/E04/D05E04P105S04T01.flac,4,Questioning,1
290,D05E02P006S12T03,ksu_emotions/data/SPEECH/Phase_2/E02/D05E02P006S12T03.flac,2,Sadness,2
291,D05E01P111S09T01,ksu_emotions/data/SPEECH/Phase_2/E01/D05E01P111S09T01.flac,1,Happiness,2
292,D05E02P109S03T01,ksu_emotions/data/SPEECH/Phase_1/E02/D05E02P109S03T01.flac,2,Sadness,1
293,D05E00P005S11T02,ksu_emotions/data/SPEECH/Phase_2/E00/D05E00P005S11T02.flac,0,Neutral,2
294,D05E01P111S11T01,ksu_emotions/data/SPEECH/Phase_2/E01/D05E01P111S11T01.flac,1,Happiness,2
295,D05E04P008S13T01,ksu_emotions/data/SPEECH/Phase_1/E04/D05E04P008S13T01.flac,4,Questioning,1
296,D05E02P004S07T01,ksu_emotions/data/SPEECH/Phase_1/E02/D05E02P004S07T01.flac,2,Sadness,1
297,D05E01P107S01T01,ksu_emotions/data/SPEECH/Phase_1/E01/D05E01P107S01T01.flac,1,Happiness,1
298,D05E01P101S18T03,ksu_emotions/data/SPEECH/Phase_2/E01/D05E01P101S18T03.flac,1,Happiness,2
299,D05E02P101S02T01,ksu_emotions/data/SPEECH/Phase_1/E02/D05E02P101S02T01.flac,2,Sadness,1
300,D05E03P003S15T01,ksu_emotions/data/SPEECH/Phase_1/E03/D05E03P003S15T01.flac,3,Surprise,1
301,D05E00P102S08T03,ksu_emotions/data/SPEECH/Phase_2/E00/D05E00P102S08T03.flac,0,Neutral,2
302,D05E02P005S08T02,ksu_emotions/data/SPEECH/Phase_2/E02/D05E02P005S08T02.flac,2,Sadness,2
303,D05E04P007S09T01,ksu_emotions/data/SPEECH/Phase_1/E04/D05E04P007S09T01.flac,4,Questioning,1
304,D05E03P109S17T02,ksu_emotions/data/SPEECH/Phase_2/E03/D05E03P109S17T02.flac,3,Surprise,2
305,D05E02P113S07T01,ksu_emotions/data/SPEECH/Phase_2/E02/D05E02P113S07T01.flac,2,Sadness,2
306,D05E00P009S18T03,ksu_emotions/data/SPEECH/Phase_2/E00/D05E00P009S18T03.flac,0,Neutral,2
307,D05E01P008S11T03,ksu_emotions/data/SPEECH/Phase_2/E01/D05E01P008S11T03.flac,1,Happiness,2
308,D05E01P102S09T03,ksu_emotions/data/SPEECH/Phase_2/E01/D05E01P102S09T03.flac,1,Happiness,2
309,D05E04P101S15T01,ksu_emotions/data/SPEECH/Phase_1/E04/D05E04P101S15T01.flac,4,Questioning,1
310,D05E01P006S03T01,ksu_emotions/data/SPEECH/Phase_1/E01/D05E01P006S03T01.flac,1,Happiness,1
311,D05E02P102S09T03,ksu_emotions/data/SPEECH/Phase_2/E02/D05E02P102S09T03.flac,2,Sadness,2
312,D05E04P009S12T01,ksu_emotions/data/SPEECH/Phase_1/E04/D05E04P009S12T01.flac,4,Questioning,1
313,D05E03P112S06T02,ksu_emotions/data/SPEECH/Phase_2/E03/D05E03P112S06T02.flac,3,Surprise,2
314,D05E00P111S05T01,ksu_emotions/data/SPEECH/Phase_2/E00/D05E00P111S05T01.flac,0,Neutral,2
315,D05E04P005S15T01,ksu_emotions/data/SPEECH/Phase_1/E04/D05E04P005S15T01.flac,4,Questioning,1
316,D05E03P008S06T02,ksu_emotions/data/SPEECH/Phase_2/E03/D05E03P008S06T02.flac,3,Surprise,2
317,D05E03P006S12T03,ksu_emotions/data/SPEECH/Phase_2/E03/D05E03P006S12T03.flac,3,Surprise,2
318,D05E05P003S05T01,ksu_emotions/data/SPEECH/Phase_2/E05/D05E05P003S05T01.flac,5,Anger,2
319,D05E00P101S15T03,ksu_emotions/data/SPEECH/Phase_2/E00/D05E00P101S15T03.flac,0,Neutral,2
320,D05E04P109S15T01,ksu_emotions/data/SPEECH/Phase_1/E04/D05E04P109S15T01.flac,4,Questioning,1
321,D05E05P102S17T01,ksu_emotions/data/SPEECH/Phase_2/E05/D05E05P102S17T01.flac,5,Anger,2
322,D05E03P111S06T02,ksu_emotions/data/SPEECH/Phase_2/E03/D05E03P111S06T02.flac,3,Surprise,2
323,D05E00P003S09T02,ksu_emotions/data/SPEECH/Phase_2/E00/D05E00P003S09T02.flac,0,Neutral,2
324,D05E03P001S10T01,ksu_emotions/data/SPEECH/Phase_1/E03/D05E03P001S10T01.flac,3,Surprise,1
325,D05E03P101S12T03,ksu_emotions/data/SPEECH/Phase_2/E03/D05E03P101S12T03.flac,3,Surprise,2
326,D05E01P106S05T01,ksu_emotions/data/SPEECH/Phase_1/E01/D05E01P106S05T01.flac,1,Happiness,1
327,D05E00P110S12T03,ksu_emotions/data/SPEECH/Phase_2/E00/D05E00P110S12T03.flac,0,Neutral,2
328,D05E04P101S14T01,ksu_emotions/data/SPEECH/Phase_1/E04/D05E04P101S14T01.flac,4,Questioning,1
329,D05E00P009S01T01,ksu_emotions/data/SPEECH/Phase_1/E00/D05E00P009S01T01.flac,0,Neutral,1
330,D05E01P004S08T03,ksu_emotions/data/SPEECH/Phase_2/E01/D05E01P004S08T03.flac,1,Happiness,2
331,D05E02P010S10T01,ksu_emotions/data/SPEECH/Phase_1/E02/D05E02P010S10T01.flac,2,Sadness,1
332,D05E05P001S15T02,ksu_emotions/data/SPEECH/Phase_2/E05/D05E05P001S15T02.flac,5,Anger,2
333,D05E04P107S08T01,ksu_emotions/data/SPEECH/Phase_1/E04/D05E04P107S08T01.flac,4,Questioning,1
334,D05E04P104S08T01,ksu_emotions/data/SPEECH/Phase_1/E04/D05E04P104S08T01.flac,4,Questioning,1
335,D05E02P107S02T01,ksu_emotions/data/SPEECH/Phase_1/E02/D05E02P107S02T01.flac,2,Sadness,1
336,D05E05P005S16T01,ksu_emotions/data/SPEECH/Phase_2/E05/D05E05P005S16T01.flac,5,Anger,2
337,D05E01P007S03T01,ksu_emotions/data/SPEECH/Phase_1/E01/D05E01P007S03T01.flac,1,Happiness,1
338,D05E04P108S04T01,ksu_emotions/data/SPEECH/Phase_1/E04/D05E04P108S04T01.flac,4,Questioning,1
339,D05E00P006S11T01,ksu_emotions/data/SPEECH/Phase_1/E00/D05E00P006S11T01.flac,0,Neutral,1
340,D05E05P111S09T01,ksu_emotions/data/SPEECH/Phase_2/E05/D05E05P111S09T01.flac,5,Anger,2
341,D05E03P103S14T01,ksu_emotions/data/SPEECH/Phase_1/E03/D05E03P103S14T01.flac,3,Surprise,1
342,D05E03P004S16T02,ksu_emotions/data/SPEECH/Phase_2/E03/D05E03P004S16T02.flac,3,Surprise,2
343,D05E01P108S09T01,ksu_emotions/data/SPEECH/Phase_1/E01/D05E01P108S09T01.flac,1,Happiness,1
344,D05E02P004S18T03,ksu_emotions/data/SPEECH/Phase_2/E02/D05E02P004S18T03.flac,2,Sadness,2
345,D05E02P009S15T03,ksu_emotions/data/SPEECH/Phase_2/E02/D05E02P009S15T03.flac,2,Sadness,2
346,D05E02P109S10T01,ksu_emotions/data/SPEECH/Phase_1/E02/D05E02P109S10T01.flac,2,Sadness,1
347,D05E01P001S17T02,ksu_emotions/data/SPEECH/Phase_2/E01/D05E01P001S17T02.flac,1,Happiness,2
348,D05E03P102S08T01,ksu_emotions/data/SPEECH/Phase_1/E03/D05E03P102S08T01.flac,3,Surprise,1
349,D05E01P102S17T03,ksu_emotions/data/SPEECH/Phase_2/E01/D05E01P102S17T03.flac,1,Happiness,2
350,D05E02P003S16T01,ksu_emotions/data/SPEECH/Phase_1/E02/D05E02P003S16T01.flac,2,Sadness,1
351,D05E05P008S11T01,ksu_emotions/data/SPEECH/Phase_2/E05/D05E05P008S11T01.flac,5,Anger,2
352,D05E01P002S13T01,ksu_emotions/data/SPEECH/Phase_1/E01/D05E01P002S13T01.flac,1,Happiness,1
353,D05E03P005S04T01,ksu_emotions/data/SPEECH/Phase_1/E03/D05E03P005S04T01.flac,3,Surprise,1
354,D05E05P005S15T02,ksu_emotions/data/SPEECH/Phase_2/E05/D05E05P005S15T02.flac,5,Anger,2
355,D05E01P005S09T01,ksu_emotions/data/SPEECH/Phase_1/E01/D05E01P005S09T01.flac,1,Happiness,1
356,D05E02P001S17T03,ksu_emotions/data/SPEECH/Phase_2/E02/D05E02P001S17T03.flac,2,Sadness,2
357,D05E03P107S04T01,ksu_emotions/data/SPEECH/Phase_1/E03/D05E03P107S04T01.flac,3,Surprise,1
358,D05E05P102S05T02,ksu_emotions/data/SPEECH/Phase_2/E05/D05E05P102S05T02.flac,5,Anger,2
359,D05E02P111S12T02,ksu_emotions/data/SPEECH/Phase_2/E02/D05E02P111S12T02.flac,2,Sadness,2
360,D05E02P009S11T03,ksu_emotions/data/SPEECH/Phase_2/E02/D05E02P009S11T03.flac,2,Sadness,2
361,D05E00P113S10T02,ksu_emotions/data/SPEECH/Phase_2/E00/D05E00P113S10T02.flac,0,Neutral,2
362,D05E01P010S13T01,ksu_emotions/data/SPEECH/Phase_1/E01/D05E01P010S13T01.flac,1,Happiness,1
363,D05E00P001S05T03,ksu_emotions/data/SPEECH/Phase_2/E00/D05E00P001S05T03.flac,0,Neutral,2
364,D05E02P104S05T01,ksu_emotions/data/SPEECH/Phase_1/E02/D05E02P104S05T01.flac,2,Sadness,1
365,D05E00P101S15T01,ksu_emotions/data/SPEECH/Phase_1/E00/D05E00P101S15T01.flac,0,Neutral,1
366,D05E02P002S05T01,ksu_emotions/data/SPEECH/Phase_1/E02/D05E02P002S05T01.flac,2,Sadness,1
367,D05E03P007S12T01,ksu_emotions/data/SPEECH/Phase_1/E03/D05E03P007S12T01.flac,3,Surprise,1
368,D05E02P112S08T01,ksu_emotions/data/SPEECH/Phase_2/E02/D05E02P112S08T01.flac,2,Sadness,2
369,D05E00P109S13T01,ksu_emotions/data/SPEECH/Phase_1/E00/D05E00P109S13T01.flac,0,Neutral,1
370,D05E01P009S10T03,ksu_emotions/data/SPEECH/Phase_2/E01/D05E01P009S10T03.flac,1,Happiness,2
371,D05E05P004S09T01,ksu_emotions/data/SPEECH/Phase_2/E05/D05E05P004S09T01.flac,5,Anger,2
372,D05E02P004S04T01,ksu_emotions/data/SPEECH/Phase_1/E02/D05E02P004S04T01.flac,2,Sadness,1
373,D05E00P112S06T02,ksu_emotions/data/SPEECH/Phase_2/E00/D05E00P112S06T02.flac,0,Neutral,2
374,D05E04P008S15T01,ksu_emotions/data/SPEECH/Phase_1/E04/D05E04P008S15T01.flac,4,Questioning,1
375,D05E03P102S04T01,ksu_emotions/data/SPEECH/Phase_1/E03/D05E03P102S04T01.flac,3,Surprise,1
376,D05E04P002S08T01,ksu_emotions/data/SPEECH/Phase_1/E04/D05E04P002S08T01.flac,4,Questioning,1
377,D05E03P005S18T03,ksu_emotions/data/SPEECH/Phase_2/E03/D05E03P005S18T03.flac,3,Surprise,2
378,D05E02P003S15T01,ksu_emotions/data/SPEECH/Phase_1/E02/D05E02P003S15T01.flac,2,Sadness,1
379,D05E03P103S08T01,ksu_emotions/data/SPEECH/Phase_1/E03/D05E03P103S08T01.flac,3,Surprise,1
380,D05E01P003S08T03,ksu_emotions/data/SPEECH/Phase_2/E01/D05E01P003S08T03.flac,1,Happiness,2
381,D05E00P004S16T01,ksu_emotions/data/SPEECH/Phase_1/E00/D05E00P004S16T01.flac,0,Neutral,1
382,D05E04P110S02T01,ksu_emotions/data/SPEECH/Phase_1/E04/D05E04P110S02T01.flac,4,Questioning,1
383,D05E00P003S07T02,ksu_emotions/data/SPEECH/Phase_2/E00/D05E00P003S07T02.flac,0,Neutral,2
384,D05E04P106S10T01,ksu_emotions/data/SPEECH/Phase_1/E04/D05E04P106S10T01.flac,4,Questioning,1
385,D05E05P102S15T02,ksu_emotions/data/SPEECH/Phase_2/E05/D05E05P102S15T02.flac,5,Anger,2
386,D05E02P007S05T01,ksu_emotions/data/SPEECH/Phase_1/E02/D05E02P007S05T01.flac,2,Sadness,1
387,D05E01P105S06T01,ksu_emotions/data/SPEECH/Phase_1/E01/D05E01P105S06T01.flac,1,Happiness,1
388,D05E00P004S07T01,ksu_emotions/data/SPEECH/Phase_1/E00/D05E00P004S07T01.flac,0,Neutral,1
389,D05E00P004S08T02,ksu_emotions/data/SPEECH/Phase_2/E00/D05E00P004S08T02.flac,0,Neutral,2
390,D05E01P005S17T03,ksu_emotions/data/SPEECH/Phase_2/E01/D05E01P005S17T03.flac,1,Happiness,2
391,D05E05P003S10T01,ksu_emotions/data/SPEECH/Phase_2/E05/D05E05P003S10T01.flac,5,Anger,2
392,D05E04P007S02T01,ksu_emotions/data/SPEECH/Phase_1/E04/D05E04P007S02T01.flac,4,Questioning,1
393,D05E01P006S18T02,ksu_emotions/data/SPEECH/Phase_2/E01/D05E01P006S18T02.flac,1,Happiness,2
394,D05E01P009S12T02,ksu_emotions/data/SPEECH/Phase_2/E01/D05E01P009S12T02.flac,1,Happiness,2
395,D05E01P006S08T02,ksu_emotions/data/SPEECH/Phase_2/E01/D05E01P006S08T02.flac,1,Happiness,2
396,D05E02P008S08T03,ksu_emotions/data/SPEECH/Phase_2/E02/D05E02P008S08T03.flac,2,Sadness,2
397,D05E00P111S18T02,ksu_emotions/data/SPEECH/Phase_2/E00/D05E00P111S18T02.flac,0,Neutral,2
398,D05E02P102S08T02,ksu_emotions/data/SPEECH/Phase_2/E02/D05E02P102S08T02.flac,2,Sadness,2
399,D05E03P110S17T03,ksu_emotions/data/SPEECH/Phase_2/E03/D05E03P110S17T03.flac,3,Surprise,2
400,D05E00P001S04T01,ksu_emotions/data/SPEECH/Phase_1/E00/D05E00P001S04T01.flac,0,Neutral,1
401,D05E01P001S11T02,ksu_emotions/data/SPEECH/Phase_2/E01/D05E01P001S11T02.flac,1,Happiness,2
402,D05E04P109S06T01,ksu_emotions/data/SPEECH/Phase_1/E04/D05E04P109S06T01.flac,4,Questioning,1
403,D05E05P101S05T02,ksu_emotions/data/SPEECH/Phase_2/E05/D05E05P101S05T02.flac,5,Anger,2
404,D05E03P109S14T01,ksu_emotions/data/SPEECH/Phase_1/E03/D05E03P109S14T01.flac,3,Surprise,1
405,D05E03P103S04T01,ksu_emotions/data/SPEECH/Phase_1/E03/D05E03P103S04T01.flac,3,Surprise,1
406,D05E03P006S04T01,ksu_emotions/data/SPEECH/Phase_1/E03/D05E03P006S04T01.flac,3,Surprise,1
407,D05E04P102S16T01,ksu_emotions/data/SPEECH/Phase_1/E04/D05E04P102S16T01.flac,4,Questioning,1
408,D05E02P109S08T03,ksu_emotions/data/SPEECH/Phase_2/E02/D05E02P109S08T03.flac,2,Sadness,2
409,D05E02P101S11T03,ksu_emotions/data/SPEECH/Phase_2/E02/D05E02P101S11T03.flac,2,Sadness,2
410,D05E00P003S17T03,ksu_emotions/data/SPEECH/Phase_2/E00/D05E00P003S17T03.flac,0,Neutral,2
411,D05E03P109S15T02,ksu_emotions/data/SPEECH/Phase_2/E03/D05E03P109S15T02.flac,3,Surprise,2
412,D05E01P101S15T03,ksu_emotions/data/SPEECH/Phase_2/E01/D05E01P101S15T03.flac,1,Happiness,2
413,D05E02P109S12T01,ksu_emotions/data/SPEECH/Phase_1/E02/D05E02P109S12T01.flac,2,Sadness,1
414,D05E02P102S10T02,ksu_emotions/data/SPEECH/Phase_2/E02/D05E02P102S10T02.flac,2,Sadness,2
415,D05E02P109S15T01,ksu_emotions/data/SPEECH/Phase_1/E02/D05E02P109S15T01.flac,2,Sadness,1
416,D05E05P110S05T01,ksu_emotions/data/SPEECH/Phase_2/E05/D05E05P110S05T01.flac,5,Anger,2
417,D05E05P005S10T01,ksu_emotions/data/SPEECH/Phase_2/E05/D05E05P005S10T01.flac,5,Anger,2
418,D05E00P001S15T02,ksu_emotions/data/SPEECH/Phase_2/E00/D05E00P001S15T02.flac,0,Neutral,2
419,D05E00P003S09T01,ksu_emotions/data/SPEECH/Phase_1/E00/D05E00P003S09T01.flac,0,Neutral,1
420,D05E01P008S06T01,ksu_emotions/data/SPEECH/Phase_1/E01/D05E01P008S06T01.flac,1,Happiness,1
421,D05E01P003S10T03,ksu_emotions/data/SPEECH/Phase_2/E01/D05E01P003S10T03.flac,1,Happiness,2
422,D05E02P110S13T01,ksu_emotions/data/SPEECH/Phase_1/E02/D05E02P110S13T01.flac,2,Sadness,1
423,D05E02P113S16T02,ksu_emotions/data/SPEECH/Phase_2/E02/D05E02P113S16T02.flac,2,Sadness,2
424,D05E03P003S16T02,ksu_emotions/data/SPEECH/Phase_2/E03/D05E03P003S16T02.flac,3,Surprise,2
425,D05E01P107S15T01,ksu_emotions/data/SPEECH/Phase_1/E01/D05E01P107S15T01.flac,1,Happiness,1
426,D05E01P102S10T03,ksu_emotions/data/SPEECH/Phase_2/E01/D05E01P102S10T03.flac,1,Happiness,2
427,D05E02P006S17T02,ksu_emotions/data/SPEECH/Phase_2/E02/D05E02P006S17T02.flac,2,Sadness,2
428,D05E04P107S11T01,ksu_emotions/data/SPEECH/Phase_1/E04/D05E04P107S11T01.flac,4,Questioning,1
429,D05E00P102S07T02,ksu_emotions/data/SPEECH/Phase_2/E00/D05E00P102S07T02.flac,0,Neutral,2
430,D05E01P005S14T01,ksu_emotions/data/SPEECH/Phase_1/E01/D05E01P005S14T01.flac,1,Happiness,1
431,D05E05P001S09T02,ksu_emotions/data/SPEECH/Phase_2/E05/D05E05P001S09T02.flac,5,Anger,2
432,D05E03P101S16T02,ksu_emotions/data/SPEECH/Phase_2/E03/D05E03P101S16T02.flac,3,Surprise,2
433,D05E00P009S15T02,ksu_emotions/data/SPEECH/Phase_2/E00/D05E00P009S15T02.flac,0,Neutral,2
434,D05E05P110S10T01,ksu_emotions/data/SPEECH/Phase_2/E05/D05E05P110S10T01.flac,5,Anger,2
435,D05E01P001S16T02,ksu_emotions/data/SPEECH/Phase_2/E01/D05E01P001S16T02.flac,1,Happiness,2
436,D05E03P001S08T02,ksu_emotions/data/SPEECH/Phase_2/E03/D05E03P001S08T02.flac,3,Surprise,2
437,D05E02P102S16T01,ksu_emotions/data/SPEECH/Phase_1/E02/D05E02P102S16T01.flac,2,Sadness,1
438,D05E02P003S07T02,ksu_emotions/data/SPEECH/Phase_2/E02/D05E02P003S07T02.flac,2,Sadness,2
439,D05E01P001S01T01,ksu_emotions/data/SPEECH/Phase_1/E01/D05E01P001S01T01.flac,1,Happiness,1
440,D05E03P005S18T02,ksu_emotions/data/SPEECH/Phase_2/E03/D05E03P005S18T02.flac,3,Surprise,2
441,D05E01P108S06T01,ksu_emotions/data/SPEECH/Phase_1/E01/D05E01P108S06T01.flac,1,Happiness,1
442,D05E02P109S13T01,ksu_emotions/data/SPEECH/Phase_1/E02/D05E02P109S13T01.flac,2,Sadness,1
443,D05E00P001S10T02,ksu_emotions/data/SPEECH/Phase_2/E00/D05E00P001S10T02.flac,0,Neutral,2
444,D05E03P106S07T01,ksu_emotions/data/SPEECH/Phase_1/E03/D05E03P106S07T01.flac,3,Surprise,1
445,D05E00P004S16T03,ksu_emotions/data/SPEECH/Phase_2/E00/D05E00P004S16T03.flac,0,Neutral,2
446,D05E00P003S11T03,ksu_emotions/data/SPEECH/Phase_2/E00/D05E00P003S11T03.flac,0,Neutral,2
447,D05E01P105S13T01,ksu_emotions/data/SPEECH/Phase_1/E01/D05E01P105S13T01.flac,1,Happiness,1
448,D05E00P103S16T01,ksu_emotions/data/SPEECH/Phase_1/E00/D05E00P103S16T01.flac,0,Neutral,1
449,D05E03P010S16T01,ksu_emotions/data/SPEECH/Phase_1/E03/D05E03P010S16T01.flac,3,Surprise,1
450,D05E02P001S08T02,ksu_emotions/data/SPEECH/Phase_2/E02/D05E02P001S08T02.flac,2,Sadness,2
451,D05E00P109S06T03,ksu_emotions/data/SPEECH/Phase_2/E00/D05E00P109S06T03.flac,0,Neutral,2
452,D05E00P111S15T01,ksu_emotions/data/SPEECH/Phase_2/E00/D05E00P111S15T01.flac,0,Neutral,2
453,D05E04P006S10T01,ksu_emotions/data/SPEECH/Phase_1/E04/D05E04P006S10T01.flac,4,Questioning,1
454,D05E02P110S07T03,ksu_emotions/data/SPEECH/Phase_2/E02/D05E02P110S07T03.flac,2,Sadness,2
455,D05E00P010S04T01,ksu_emotions/data/SPEECH/Phase_1/E00/D05E00P010S04T01.flac,0,Neutral,1
456,D05E00P009S05T01,ksu_emotions/data/SPEECH/Phase_1/E00/D05E00P009S05T01.flac,0,Neutral,1
457,D05E02P002S01T01,ksu_emotions/data/SPEECH/Phase_1/E02/D05E02P002S01T01.flac,2,Sadness,1
458,D05E03P104S05T01,ksu_emotions/data/SPEECH/Phase_1/E03/D05E03P104S05T01.flac,3,Surprise,1
459,D05E05P008S09T01,ksu_emotions/data/SPEECH/Phase_2/E05/D05E05P008S09T01.flac,5,Anger,2
460,D05E03P002S09T01,ksu_emotions/data/SPEECH/Phase_1/E03/D05E03P002S09T01.flac,3,Surprise,1
461,D05E05P009S08T02,ksu_emotions/data/SPEECH/Phase_2/E05/D05E05P009S08T02.flac,5,Anger,2
462,D05E05P112S11T02,ksu_emotions/data/SPEECH/Phase_2/E05/D05E05P112S11T02.flac,5,Anger,2
463,D05E03P110S16T03,ksu_emotions/data/SPEECH/Phase_2/E03/D05E03P110S16T03.flac,3,Surprise,2
464,D05E05P003S06T02,ksu_emotions/data/SPEECH/Phase_2/E05/D05E05P003S06T02.flac,5,Anger,2
465,D05E01P005S07T02,ksu_emotions/data/SPEECH/Phase_2/E01/D05E01P005S07T02.flac,1,Happiness,2
466,D05E03P002S06T01,ksu_emotions/data/SPEECH/Phase_1/E03/D05E03P002S06T01.flac,3,Surprise,1
467,D05E04P109S08T01,ksu_emotions/data/SPEECH/Phase_1/E04/D05E04P109S08T01.flac,4,Questioning,1
468,D05E05P112S12T01,ksu_emotions/data/SPEECH/Phase_2/E05/D05E05P112S12T01.flac,5,Anger,2
469,D05E03P003S10T02,ksu_emotions/data/SPEECH/Phase_2/E03/D05E03P003S10T02.flac,3,Surprise,2
470,D05E02P002S02T01,ksu_emotions/data/SPEECH/Phase_1/E02/D05E02P002S02T01.flac,2,Sadness,1
471,D05E05P101S06T01,ksu_emotions/data/SPEECH/Phase_2/E05/D05E05P101S06T01.flac,5,Anger,2
472,D05E03P006S13T01,ksu_emotions/data/SPEECH/Phase_1/E03/D05E03P006S13T01.flac,3,Surprise,1
473,D05E05P004S12T01,ksu_emotions/data/SPEECH/Phase_2/E05/D05E05P004S12T01.flac,5,Anger,2
474,D05E00P006S07T02,ksu_emotions/data/SPEECH/Phase_2/E00/D05E00P006S07T02.flac,0,Neutral,2
475,D05E02P110S11T01,ksu_emotions/data/SPEECH/Phase_1/E02/D05E02P110S11T01.flac,2,Sadness,1
476,D05E04P109S10T01,ksu_emotions/data/SPEECH/Phase_1/E04/D05E04P109S10T01.flac,4,Questioning,1
477,D05E03P005S13T01,ksu_emotions/data/SPEECH/Phase_1/E03/D05E03P005S13T01.flac,3,Surprise,1
478,D05E02P101S05T03,ksu_emotions/data/SPEECH/Phase_2/E02/D05E02P101S05T03.flac,2,Sadness,2
479,D05E02P003S13T01,ksu_emotions/data/SPEECH/Phase_1/E02/D05E02P003S13T01.flac,2,Sadness,1
480,D05E05P001S11T01,ksu_emotions/data/SPEECH/Phase_2/E05/D05E05P001S11T01.flac,5,Anger,2
481,D05E03P008S17T02,ksu_emotions/data/SPEECH/Phase_2/E03/D05E03P008S17T02.flac,3,Surprise,2
482,D05E03P004S04T01,ksu_emotions/data/SPEECH/Phase_1/E03/D05E03P004S04T01.flac,3,Surprise,1
483,D05E02P003S17T02,ksu_emotions/data/SPEECH/Phase_2/E02/D05E02P003S17T02.flac,2,Sadness,2
484,D05E02P101S10T02,ksu_emotions/data/SPEECH/Phase_2/E02/D05E02P101S10T02.flac,2,Sadness,2
485,D05E01P108S01T01,ksu_emotions/data/SPEECH/Phase_1/E01/D05E01P108S01T01.flac,1,Happiness,1
486,D05E03P005S15T03,ksu_emotions/data/SPEECH/Phase_2/E03/D05E03P005S15T03.flac,3,Surprise,2
487,D05E02P010S13T01,ksu_emotions/data/SPEECH/Phase_1/E02/D05E02P010S13T01.flac,2,Sadness,1
488,D05E03P112S18T01,ksu_emotions/data/SPEECH/Phase_2/E03/D05E03P112S18T01.flac,3,Surprise,2
489,D05E00P005S15T03,ksu_emotions/data/SPEECH/Phase_2/E00/D05E00P005S15T03.flac,0,Neutral,2
490,D05E04P103S09T01,ksu_emotions/data/SPEECH/Phase_1/E04/D05E04P103S09T01.flac,4,Questioning,1
491,D05E04P004S12T01,ksu_emotions/data/SPEECH/Phase_1/E04/D05E04P004S12T01.flac,4,Questioning,1
492,D05E01P113S10T02,ksu_emotions/data/SPEECH/Phase_2/E01/D05E01P113S10T02.flac,1,Happiness,2
493,D05E00P113S18T02,ksu_emotions/data/SPEECH/Phase_2/E00/D05E00P113S18T02.flac,0,Neutral,2
494,D05E02P006S11T02,ksu_emotions/data/SPEECH/Phase_2/E02/D05E02P006S11T02.flac,2,Sadness,2
495,D05E02P001S05T02,ksu_emotions/data/SPEECH/Phase_2/E02/D05E02P001S05T02.flac,2,Sadness,2
496,D05E00P108S13T01,ksu_emotions/data/SPEECH/Phase_1/E00/D05E00P108S13T01.flac,0,Neutral,1
497,D05E01P006S04T01,ksu_emotions/data/SPEECH/Phase_1/E01/D05E01P006S04T01.flac,1,Happiness,1
498,D05E02P001S02T01,ksu_emotions/data/SPEECH/Phase_1/E02/D05E02P001S02T01.flac,2,Sadness,1
499,D05E02P101S15T01,ksu_emotions/data/SPEECH/Phase_1/E02/D05E02P101S15T01.flac,2,Sadness,1
500,D05E00P109S17T03,ksu_emotions/data/SPEECH/Phase_2/E00/D05E00P109S17T03.flac,0,Neutral,2
501,D05E02P010S15T01,ksu_emotions/data/SPEECH/Phase_1/E02/D05E02P010S15T01.flac,2,Sadness,1
502,D05E01P108S10T01,ksu_emotions/data/SPEECH/Phase_1/E01/D05E01P108S10T01.flac,1,Happiness,1
503,D05E01P006S10T02,ksu_emotions/data/SPEECH/Phase_2/E01/D05E01P006S10T02.flac,1,Happiness,2
504,D05E00P110S18T02,ksu_emotions/data/SPEECH/Phase_2/E00/D05E00P110S18T02.flac,0,Neutral,2
505,D05E05P001S07T01,ksu_emotions/data/SPEECH/Phase_2/E05/D05E05P001S07T01.flac,5,Anger,2
506,D05E00P102S04T01,ksu_emotions/data/SPEECH/Phase_1/E00/D05E00P102S04T01.flac,0,Neutral,1
507,D05E00P003S11T02,ksu_emotions/data/SPEECH/Phase_2/E00/D05E00P003S11T02.flac,0,Neutral,2
508,D05E00P008S18T03,ksu_emotions/data/SPEECH/Phase_2/E00/D05E00P008S18T03.flac,0,Neutral,2
509,D05E03P005S15T01,ksu_emotions/data/SPEECH/Phase_1/E03/D05E03P005S15T01.flac,3,Surprise,1
510,D05E01P102S10T01,ksu_emotions/data/SPEECH/Phase_1/E01/D05E01P102S10T01.flac,1,Happiness,1
511,D05E00P008S01T01,ksu_emotions/data/SPEECH/Phase_1/E00/D05E00P008S01T01.flac,0,Neutral,1
512,D05E04P107S04T01,ksu_emotions/data/SPEECH/Phase_1/E04/D05E04P107S04T01.flac,4,Questioning,1
513,D05E03P001S05T02,ksu_emotions/data/SPEECH/Phase_2/E03/D05E03P001S05T02.flac,3,Surprise,2
514,D05E03P110S12T02,ksu_emotions/data/SPEECH/Phase_2/E03/D05E03P110S12T02.flac,3,Surprise,2
515,D05E02P003S05T02,ksu_emotions/data/SPEECH/Phase_2/E02/D05E02P003S05T02.flac,2,Sadness,2
516,D05E02P110S08T01,ksu_emotions/data/SPEECH/Phase_1/E02/D05E02P110S08T01.flac,2,Sadness,1
517,D05E00P109S06T01,ksu_emotions/data/SPEECH/Phase_1/E00/D05E00P109S06T01.flac,0,Neutral,1
518,D05E02P002S10T01,ksu_emotions/data/SPEECH/Phase_1/E02/D05E02P002S10T01.flac,2,Sadness,1
519,D05E02P004S11T03,ksu_emotions/data/SPEECH/Phase_2/E02/D05E02P004S11T03.flac,2,Sadness,2
520,D05E01P001S18T02,ksu_emotions/data/SPEECH/Phase_2/E01/D05E01P001S18T02.flac,1,Happiness,2
521,D05E01P002S05T01,ksu_emotions/data/SPEECH/Phase_1/E01/D05E01P002S05T01.flac,1,Happiness,1
522,D05E03P103S13T01,ksu_emotions/data/SPEECH/Phase_1/E03/D05E03P103S13T01.flac,3,Surprise,1
523,D05E04P009S05T01,ksu_emotions/data/SPEECH/Phase_1/E04/D05E04P009S05T01.flac,4,Questioning,1
524,D05E02P001S11T02,ksu_emotions/data/SPEECH/Phase_2/E02/D05E02P001S11T02.flac,2,Sadness,2
525,D05E02P005S06T01,ksu_emotions/data/SPEECH/Phase_1/E02/D05E02P005S06T01.flac,2,Sadness,1
526,D05E03P102S06T02,ksu_emotions/data/SPEECH/Phase_2/E03/D05E03P102S06T02.flac,3,Surprise,2
527,D05E00P008S08T02,ksu_emotions/data/SPEECH/Phase_2/E00/D05E00P008S08T02.flac,0,Neutral,2
528,D05E04P101S07T01,ksu_emotions/data/SPEECH/Phase_1/E04/D05E04P101S07T01.flac,4,Questioning,1
529,D05E01P005S18T03,ksu_emotions/data/SPEECH/Phase_2/E01/D05E01P005S18T03.flac,1,Happiness,2
530,D05E04P002S06T01,ksu_emotions/data/SPEECH/Phase_1/E04/D05E04P002S06T01.flac,4,Questioning,1
531,D05E00P112S11T01,ksu_emotions/data/SPEECH/Phase_2/E00/D05E00P112S11T01.flac,0,Neutral,2
532,D05E05P005S08T01,ksu_emotions/data/SPEECH/Phase_2/E05/D05E05P005S08T01.flac,5,Anger,2
533,D05E05P109S17T01,ksu_emotions/data/SPEECH/Phase_2/E05/D05E05P109S17T01.flac,5,Anger,2
534,D05E01P110S11T01,ksu_emotions/data/SPEECH/Phase_1/E01/D05E01P110S11T01.flac,1,Happiness,1
535,D05E05P006S05T02,ksu_emotions/data/SPEECH/Phase_2/E05/D05E05P006S05T02.flac,5,Anger,2
536,D05E04P104S15T01,ksu_emotions/data/SPEECH/Phase_1/E04/D05E04P104S15T01.flac,4,Questioning,1
537,D05E03P105S05T01,ksu_emotions/data/SPEECH/Phase_1/E03/D05E03P105S05T01.flac,3,Surprise,1
538,D05E03P109S01T01,ksu_emotions/data/SPEECH/Phase_1/E03/D05E03P109S01T01.flac,3,Surprise,1
539,D05E04P007S01T01,ksu_emotions/data/SPEECH/Phase_1/E04/D05E04P007S01T01.flac,4,Questioning,1
540,D05E01P004S06T02,ksu_emotions/data/SPEECH/Phase_2/E01/D05E01P004S06T02.flac,1,Happiness,2
541,D05E02P102S06T01,ksu_emotions/data/SPEECH/Phase_1/E02/D05E02P102S06T01.flac,2,Sadness,1
542,D05E03P009S06T02,ksu_emotions/data/SPEECH/Phase_2/E03/D05E03P009S06T02.flac,3,Surprise,2
543,D05E04P002S14T01,ksu_emotions/data/SPEECH/Phase_1/E04/D05E04P002S14T01.flac,4,Questioning,1
544,D05E01P010S12T01,ksu_emotions/data/SPEECH/Phase_1/E01/D05E01P010S12T01.flac,1,Happiness,1
545,D05E04P007S16T01,ksu_emotions/data/SPEECH/Phase_1/E04/D05E04P007S16T01.flac,4,Questioning,1
546,D05E03P103S09T01,ksu_emotions/data/SPEECH/Phase_1/E03/D05E03P103S09T01.flac,3,Surprise,1
547,D05E05P001S18T02,ksu_emotions/data/SPEECH/Phase_2/E05/D05E05P001S18T02.flac,5,Anger,2
548,D05E05P110S06T02,ksu_emotions/data/SPEECH/Phase_2/E05/D05E05P110S06T02.flac,5,Anger,2
549,D05E02P108S16T01,ksu_emotions/data/SPEECH/Phase_1/E02/D05E02P108S16T01.flac,2,Sadness,1
550,D05E05P101S17T01,ksu_emotions/data/SPEECH/Phase_2/E05/D05E05P101S17T01.flac,5,Anger,2
551,D05E02P002S14T01,ksu_emotions/data/SPEECH/Phase_1/E02/D05E02P002S14T01.flac,2,Sadness,1
552,D05E05P102S06T01,ksu_emotions/data/SPEECH/Phase_2/E05/D05E05P102S06T01.flac,5,Anger,2
553,D05E05P110S08T02,ksu_emotions/data/SPEECH/Phase_2/E05/D05E05P110S08T02.flac,5,Anger,2
554,D05E03P009S08T03,ksu_emotions/data/SPEECH/Phase_2/E03/D05E03P009S08T03.flac,3,Surprise,2
555,D05E05P003S12T01,ksu_emotions/data/SPEECH/Phase_2/E05/D05E05P003S12T01.flac,5,Anger,2
556,D05E03P103S07T01,ksu_emotions/data/SPEECH/Phase_1/E03/D05E03P103S07T01.flac,3,Surprise,1
557,D05E01P111S10T01,ksu_emotions/data/SPEECH/Phase_2/E01/D05E01P111S10T01.flac,1,Happiness,2
558,D05E00P005S16T02,ksu_emotions/data/SPEECH/Phase_2/E00/D05E00P005S16T02.flac,0,Neutral,2
559,D05E03P101S03T01,ksu_emotions/data/SPEECH/Phase_1/E03/D05E03P101S03T01.flac,3,Surprise,1
560,D05E05P005S06T02,ksu_emotions/data/SPEECH/Phase_2/E05/D05E05P005S06T02.flac,5,Anger,2
561,D05E00P006S18T03,ksu_emotions/data/SPEECH/Phase_2/E00/D05E00P006S18T03.flac,0,Neutral,2
562,D05E02P102S07T02,ksu_emotions/data/SPEECH/Phase_2/E02/D05E02P102S07T02.flac,2,Sadness,2
563,D05E01P010S16T01,ksu_emotions/data/SPEECH/Phase_1/E01/D05E01P010S16T01.flac,1,Happiness,1
564,D05E01P111S06T01,ksu_emotions/data/SPEECH/Phase_2/E01/D05E01P111S06T01.flac,1,Happiness,2
565,D05E03P106S03T01,ksu_emotions/data/SPEECH/Phase_1/E03/D05E03P106S03T01.flac,3,Surprise,1
566,D05E05P113S06T02,ksu_emotions/data/SPEECH/Phase_2/E05/D05E05P113S06T02.flac,5,Anger,2
567,D05E02P006S12T01,ksu_emotions/data/SPEECH/Phase_1/E02/D05E02P006S12T01.flac,2,Sadness,1
568,D05E02P003S11T01,ksu_emotions/data/SPEECH/Phase_1/E02/D05E02P003S11T01.flac,2,Sadness,1
569,D05E03P106S11T01,ksu_emotions/data/SPEECH/Phase_1/E03/D05E03P106S11T01.flac,3,Surprise,1
570,D05E00P010S15T01,ksu_emotions/data/SPEECH/Phase_1/E00/D05E00P010S15T01.flac,0,Neutral,1
571,D05E03P005S17T03,ksu_emotions/data/SPEECH/Phase_2/E03/D05E03P005S17T03.flac,3,Surprise,2
572,D05E00P001S03T01,ksu_emotions/data/SPEECH/Phase_1/E00/D05E00P001S03T01.flac,0,Neutral,1
573,D05E00P004S11T03,ksu_emotions/data/SPEECH/Phase_2/E00/D05E00P004S11T03.flac,0,Neutral,2
574,D05E03P107S12T01,ksu_emotions/data/SPEECH/Phase_1/E03/D05E03P107S12T01.flac,3,Surprise,1
575,D05E03P003S12T02,ksu_emotions/data/SPEECH/Phase_2/E03/D05E03P003S12T02.flac,3,Surprise,2
576,D05E03P101S06T02,ksu_emotions/data/SPEECH/Phase_2/E03/D05E03P101S06T02.flac,3,Surprise,2
577,D05E03P010S10T01,ksu_emotions/data/SPEECH/Phase_1/E03/D05E03P010S10T01.flac,3,Surprise,1
578,D05E01P110S18T02,ksu_emotions/data/SPEECH/Phase_2/E01/D05E01P110S18T02.flac,1,Happiness,2
579,D05E02P001S06T02,ksu_emotions/data/SPEECH/Phase_2/E02/D05E02P001S06T02.flac,2,Sadness,2
580,D05E03P006S16T02,ksu_emotions/data/SPEECH/Phase_2/E03/D05E03P006S16T02.flac,3,Surprise,2
581,D05E03P008S11T02,ksu_emotions/data/SPEECH/Phase_2/E03/D05E03P008S11T02.flac,3,Surprise,2
582,D05E01P004S16T01,ksu_emotions/data/SPEECH/Phase_1/E01/D05E01P004S16T01.flac,1,Happiness,1
583,D05E03P102S12T03,ksu_emotions/data/SPEECH/Phase_2/E03/D05E03P102S12T03.flac,3,Surprise,2
584,D05E03P110S12T01,ksu_emotions/data/SPEECH/Phase_1/E03/D05E03P110S12T01.flac,3,Surprise,1
585,D05E05P008S18T02,ksu_emotions/data/SPEECH/Phase_2/E05/D05E05P008S18T02.flac,5,Anger,2
586,D05E00P107S12T01,ksu_emotions/data/SPEECH/Phase_1/E00/D05E00P107S12T01.flac,0,Neutral,1
587,D05E01P007S16T01,ksu_emotions/data/SPEECH/Phase_1/E01/D05E01P007S16T01.flac,1,Happiness,1
588,D05E04P106S15T01,ksu_emotions/data/SPEECH/Phase_1/E04/D05E04P106S15T01.flac,4,Questioning,1
589,D05E05P111S08T01,ksu_emotions/data/SPEECH/Phase_2/E05/D05E05P111S08T01.flac,5,Anger,2
590,D05E00P009S14T01,ksu_emotions/data/SPEECH/Phase_1/E00/D05E00P009S14T01.flac,0,Neutral,1
591,D05E00P111S09T02,ksu_emotions/data/SPEECH/Phase_2/E00/D05E00P111S09T02.flac,0,Neutral,2
592,D05E00P005S08T01,ksu_emotions/data/SPEECH/Phase_1/E00/D05E00P005S08T01.flac,0,Neutral,1
593,D05E01P102S16T03,ksu_emotions/data/SPEECH/Phase_2/E01/D05E01P102S16T03.flac,1,Happiness,2
594,D05E00P003S18T02,ksu_emotions/data/SPEECH/Phase_2/E00/D05E00P003S18T02.flac,0,Neutral,2
595,D05E00P105S14T01,ksu_emotions/data/SPEECH/Phase_1/E00/D05E00P105S14T01.flac,0,Neutral,1
596,D05E02P108S10T01,ksu_emotions/data/SPEECH/Phase_1/E02/D05E02P108S10T01.flac,2,Sadness,1
597,D05E03P102S17T02,ksu_emotions/data/SPEECH/Phase_2/E03/D05E03P102S17T02.flac,3,Surprise,2
598,D05E03P111S09T01,ksu_emotions/data/SPEECH/Phase_2/E03/D05E03P111S09T01.flac,3,Surprise,2
599,D05E05P112S05T01,ksu_emotions/data/SPEECH/Phase_2/E05/D05E05P112S05T01.flac,5,Anger,2
600,D05E05P006S06T02,ksu_emotions/data/SPEECH/Phase_2/E05/D05E05P006S06T02.flac,5,Anger,2
601,D05E02P004S17T02,ksu_emotions/data/SPEECH/Phase_2/E02/D05E02P004S17T02.flac,2,Sadness,2
602,D05E04P001S13T01,ksu_emotions/data/SPEECH/Phase_1/E04/D05E04P001S13T01.flac,4,Questioning,1
603,D05E03P004S15T01,ksu_emotions/data/SPEECH/Phase_1/E03/D05E03P004S15T01.flac,3,Surprise,1
604,D05E00P106S10T01,ksu_emotions/data/SPEECH/Phase_1/E00/D05E00P106S10T01.flac,0,Neutral,1
605,D05E02P102S01T01,ksu_emotions/data/SPEECH/Phase_1/E02/D05E02P102S01T01.flac,2,Sadness,1
606,D05E00P106S08T01,ksu_emotions/data/SPEECH/Phase_1/E00/D05E00P106S08T01.flac,0,Neutral,1
607,D05E01P103S04T01,ksu_emotions/data/SPEECH/Phase_1/E01/D05E01P103S04T01.flac,1,Happiness,1
608,D05E00P110S17T02,ksu_emotions/data/SPEECH/Phase_2/E00/D05E00P110S17T02.flac,0,Neutral,2
609,D05E01P108S11T01,ksu_emotions/data/SPEECH/Phase_1/E01/D05E01P108S11T01.flac,1,Happiness,1
610,D05E01P006S18T03,ksu_emotions/data/SPEECH/Phase_2/E01/D05E01P006S18T03.flac,1,Happiness,2
611,D05E01P104S15T01,ksu_emotions/data/SPEECH/Phase_1/E01/D05E01P104S15T01.flac,1,Happiness,1
612,D05E00P101S07T03,ksu_emotions/data/SPEECH/Phase_2/E00/D05E00P101S07T03.flac,0,Neutral,2
613,D05E03P008S01T01,ksu_emotions/data/SPEECH/Phase_1/E03/D05E03P008S01T01.flac,3,Surprise,1
614,D05E00P008S09T02,ksu_emotions/data/SPEECH/Phase_2/E00/D05E00P008S09T02.flac,0,Neutral,2
615,D05E04P101S03T01,ksu_emotions/data/SPEECH/Phase_1/E04/D05E04P101S03T01.flac,4,Questioning,1
616,D05E02P105S05T01,ksu_emotions/data/SPEECH/Phase_1/E02/D05E02P105S05T01.flac,2,Sadness,1
617,D05E00P107S16T01,ksu_emotions/data/SPEECH/Phase_1/E00/D05E00P107S16T01.flac,0,Neutral,1
618,D05E00P110S17T03,ksu_emotions/data/SPEECH/Phase_2/E00/D05E00P110S17T03.flac,0,Neutral,2
619,D05E01P111S05T02,ksu_emotions/data/SPEECH/Phase_2/E01/D05E01P111S05T02.flac,1,Happiness,2
620,D05E02P008S08T02,ksu_emotions/data/SPEECH/Phase_2/E02/D05E02P008S08T02.flac,2,Sadness,2
621,D05E03P009S13T01,ksu_emotions/data/SPEECH/Phase_1/E03/D05E03P009S13T01.flac,3,Surprise,1
622,D05E00P113S12T02,ksu_emotions/data/SPEECH/Phase_2/E00/D05E00P113S12T02.flac,0,Neutral,2
623,D05E03P006S10T02,ksu_emotions/data/SPEECH/Phase_2/E03/D05E03P006S10T02.flac,3,Surprise,2
624,D05E02P103S10T01,ksu_emotions/data/SPEECH/Phase_1/E02/D05E02P103S10T01.flac,2,Sadness,1
625,D05E02P108S05T01,ksu_emotions/data/SPEECH/Phase_1/E02/D05E02P108S05T01.flac,2,Sadness,1
626,D05E03P106S01T01,ksu_emotions/data/SPEECH/Phase_1/E03/D05E03P106S01T01.flac,3,Surprise,1
627,D05E02P001S09T01,ksu_emotions/data/SPEECH/Phase_1/E02/D05E02P001S09T01.flac,2,Sadness,1
628,D05E01P103S07T01,ksu_emotions/data/SPEECH/Phase_1/E01/D05E01P103S07T01.flac,1,Happiness,1
629,D05E04P105S01T01,ksu_emotions/data/SPEECH/Phase_1/E04/D05E04P105S01T01.flac,4,Questioning,1
630,D05E03P008S08T03,ksu_emotions/data/SPEECH/Phase_2/E03/D05E03P008S08T03.flac,3,Surprise,2
631,D05E02P113S15T02,ksu_emotions/data/SPEECH/Phase_2/E02/D05E02P113S15T02.flac,2,Sadness,2
632,D05E02P006S15T02,ksu_emotions/data/SPEECH/Phase_2/E02/D05E02P006S15T02.flac,2,Sadness,2
633,D05E02P109S02T01,ksu_emotions/data/SPEECH/Phase_1/E02/D05E02P109S02T01.flac,2,Sadness,1
634,D05E00P009S09T03,ksu_emotions/data/SPEECH/Phase_2/E00/D05E00P009S09T03.flac,0,Neutral,2
635,D05E01P105S16T01,ksu_emotions/data/SPEECH/Phase_1/E01/D05E01P105S16T01.flac,1,Happiness,1
636,D05E02P004S15T03,ksu_emotions/data/SPEECH/Phase_2/E02/D05E02P004S15T03.flac,2,Sadness,2
637,D05E05P005S07T01,ksu_emotions/data/SPEECH/Phase_2/E05/D05E05P005S07T01.flac,5,Anger,2
638,D05E01P003S12T02,ksu_emotions/data/SPEECH/Phase_2/E01/D05E01P003S12T02.flac,1,Happiness,2
639,D05E04P006S07T01,ksu_emotions/data/SPEECH/Phase_1/E04/D05E04P006S07T01.flac,4,Questioning,1
640,D05E02P112S16T02,ksu_emotions/data/SPEECH/Phase_2/E02/D05E02P112S16T02.flac,2,Sadness,2
641,D05E03P007S01T01,ksu_emotions/data/SPEECH/Phase_1/E03/D05E03P007S01T01.flac,3,Surprise,1
642,D05E03P003S06T03,ksu_emotions/data/SPEECH/Phase_2/E03/D05E03P003S06T03.flac,3,Surprise,2
643,D05E05P008S12T02,ksu_emotions/data/SPEECH/Phase_2/E05/D05E05P008S12T02.flac,5,Anger,2
644,D05E02P106S10T01,ksu_emotions/data/SPEECH/Phase_1/E02/D05E02P106S10T01.flac,2,Sadness,1
645,D05E01P111S09T02,ksu_emotions/data/SPEECH/Phase_2/E01/D05E01P111S09T02.flac,1,Happiness,2
646,D05E02P010S12T01,ksu_emotions/data/SPEECH/Phase_1/E02/D05E02P010S12T01.flac,2,Sadness,1
647,D05E01P008S07T02,ksu_emotions/data/SPEECH/Phase_2/E01/D05E01P008S07T02.flac,1,Happiness,2
648,D05E02P112S18T01,ksu_emotions/data/SPEECH/Phase_2/E02/D05E02P112S18T01.flac,2,Sadness,2
649,D05E05P006S05T01,ksu_emotions/data/SPEECH/Phase_2/E05/D05E05P006S05T01.flac,5,Anger,2
650,D05E02P005S16T03,ksu_emotions/data/SPEECH/Phase_2/E02/D05E02P005S16T03.flac,2,Sadness,2
651,D05E03P112S11T01,ksu_emotions/data/SPEECH/Phase_2/E03/D05E03P112S11T01.flac,3,Surprise,2
652,D05E02P105S08T01,ksu_emotions/data/SPEECH/Phase_1/E02/D05E02P105S08T01.flac,2,Sadness,1
653,D05E05P101S10T01,ksu_emotions/data/SPEECH/Phase_2/E05/D05E05P101S10T01.flac,5,Anger,2
654,D05E00P005S07T02,ksu_emotions/data/SPEECH/Phase_2/E00/D05E00P005S07T02.flac,0,Neutral,2
